AxleNumber,TrainModel,VerticalVibration,CrackSizeVertical,RepairmentAxle,HorizontalVibration,CrackSizeHorizontal,RepairmentWheel
791,Subarna Express,1.6,0.01,FALSE,0.001,0,DoNot
729,Mahanagar Provati,1.8,0.01,FALSE,0.02,0.05,DoNot
742,Ekota Express,1.8,0.02,FALSE,0.2,0.2,DoNot
739,Tista Express,1.9,0.1,FALSE,0.37,0.25,DoNot
720,Parabat Express,1.95,0.14,FALSE,0.5,0.27,DoNot
793,Upokol Express,2,0.2,FALSE,0.7,0.35,Do
710,Joyantika Express,2,0.3,FALSE,0.9,0.4,Do
714,Mohanagar Express,2.2,0.4,TRUE,1.3,0.45,Do
730,Sundarban Express,2.25,0.4,TRUE,1.6,0.47,Do
742,Agnibina Express,2.45,0.5,TRUE,1.8,0.5,Do
800,Egarosindhur Provati,2.75,0.5,TRUE,0.3736,0.14,DoNot
773,Upaban Express,1.9019,0.17,FALSE,1.3395,0.27,DoNot
763,Turna Express,2.4064,0.4,TRUE,1.0799,0.2,DoNot
721,Brahmaputra Express,2.7236,0.57,TRUE,0.6701,0.43,Do
723,Jamuna Express,2.5158,0.6,TRUE,1.0574,0.34,Do
742,Egarosindhur Goduli,2.4387,0.41,TRUE,1.0464,0.44,Do
757,Lalmoni Express,2.5876,0.54,TRUE,0.7717,0.48,Do
737,Silk City Express,2.7051,0.58,TRUE,0.9594,0.15,DoNot
748,Drutojan Express,2.356,0.48,TRUE,1.1965,0.47,Do
725,Padma Express,2.3095,NA,TRUE,0.9348,0.46,Do
716,Chitra Express,2.0469,0.32,TRUE,1.7474,0.26,DoNot
768,Nilsagar,2.2819,0.41,TRUE,1.6908,0.41,Do
711,Dhumketue Express,2.0015,0.32,TRUE,1.1387,0.47,Do
770,Rangpur Express,2.7312,0.58,TRUE,0.8706,0.43,Do
789,Kalani Express,NA,0.58,TRUE,1.3907,0.31,Do
753,Sirajgonj Express,2.2557,0.42,TRUE,1.3147,0.42,Do
768,Haor Express,1.7476,0.02,FALSE,0.1902,0.43,Do
743,Kishorgonj Express,2.4532,0.59,TRUE,1.7625,0.26,DoNot
700,Sonar Bangla Express,2.138,0.36,TRUE,1.34,0.43,Do
788,Mohangonj Express,1.9725,0.11,FALSE,0.5842,0.26,DoNot
799,Banalata Express,2.3261,0.48,TRUE,0.9011,0.22,DoNot
774,Panchagarh Express,2.1997,0.34,TRUE,1.7091,0.47,Do
767,Benapole Express,2.2467,0.44,TRUE,1.1272,0.4,Do
704,Kurigram Express,1.8182,0.03,FALSE,1.1681,0.43,Do
710,Moitree Express*,2.3759,0.43,TRUE,1.584,0.39,Do
767,Subarna Express,1.7201,0.02,FALSE,1.0338,0.45,Do
782,Mahanagar Provati,2.15,0.4,TRUE,1.3999,0.4,Do
752,Ekota Express,2.2513,0.49,TRUE,1.7965,0.44,Do
798,Tista Express,1.7667,0.02,FALSE,0.4859,0.18,DoNot
711,Parabat Express,2.0215,0.37,TRUE,0.0059,0.23,DoNot
717,Upokol Express,2.435,0.41,TRUE,1.2256,0.27,DoNot
739,Joyantika Express,1.9261,0.14,FALSE,1.6405,0.49,Do
750,Mohanagar Express,1.6865,0.02,FALSE,0.3473,0.45,Do
780,Sundarban Express,2.6227,0.59,TRUE,1.3633,0.46,Do
740,Agnibina Express,2.6644,0.57,TRUE,0.2259,0.49,Do
730,Egarosindhur Provati,2.3714,0.44,TRUE,0.8081,0.39,Do
751,Upaban Express,1.6126,0.01,FALSE,1.1561,0.47,Do
703,Turna Express,NA,0.02,FALSE,1.207,0.12,DoNot
788,Brahmaputra Express,2.5453,0.57,TRUE,0.6519,0.41,Do
731,Jamuna Express,1.7043,NA,FALSE,0.3335,0.08,DoNot
775,Egarosindhur Goduli,2.1689,0.38,TRUE,1.6524,0.39,Do
704,Lalmoni Express,2.5737,0.56,TRUE,0.5183,0.43,Do
777,Silk City Express,1.6788,0.02,FALSE,0.4628,0.41,Do
795,Drutojan Express,1.9025,0.14,FALSE,1.2739,0.24,DoNot
708,Padma Express,1.7611,0.01,FALSE,0.1156,0.23,DoNot
704,Chitra Express,2.3845,0.4,TRUE,1.5974,0.38,Do
778,Nilsagar,1.8,0.02,FALSE,0.3149,0.43,Do
724,Dhumketue Express,2.0857,0.35,TRUE,0.3799,0.4,Do
777,Rangpur Express,2.7352,0.54,TRUE,1.244,0.16,DoNot
798,Kalani Express,2.1042,0.32,TRUE,0.8988,0.37,Do
737,Sirajgonj Express,2.5395,0.54,TRUE,0.2772,0.42,Do
736,Haor Express,2.4656,0.54,TRUE,1.6791,0.48,Do
732,Kishorgonj Express,1.8072,0.03,FALSE,1.3021,0.21,DoNot
711,Sonar Bangla Express,2.2707,0.44,TRUE,1.4386,0.07,DoNot
755,Mohangonj Express,2.0985,0.33,TRUE,1.2306,0.46,Do
709,Banalata Express,2.3139,0.44,TRUE,0.3302,0.24,DoNot
701,Panchagarh Express,2.2546,0.46,TRUE,0.789,0.31,Do
713,Benapole Express,2.3918,0.5,TRUE,0.8234,0.47,Do
707,Kurigram Express,2.6294,0.6,TRUE,1.7961,0.13,DoNot
714,Moitree Express*,1.7799,0.01,FALSE,1.3185,0,DoNot
715,Subarna Express,1.905,0.2,FALSE,0.9063,0.22,DoNot
743,Mahanagar Provati,2.4247,0.41,TRUE,0.9019,0.48,Do
760,Ekota Express,2.4917,0.56,TRUE,1.438,0.38,Do
761,Tista Express,2.696,0.51,TRUE,1.7024,0.47,Do
742,Parabat Express,2.0107,0.32,TRUE,0.2915,0.44,Do
793,Upokol Express,1.7184,0.02,FALSE,0.2325,0.46,Do
705,Joyantika Express,2.5548,0.57,TRUE,1.2422,0.06,DoNot
793,Mohanagar Express,1.8275,0.08,FALSE,0.9341,0.22,DoNot
777,Sundarban Express,2.7344,0.53,TRUE,0.1943,0.47,Do
794,Agnibina Express,2.6826,0.59,TRUE,1.1607,0.3,DoNot
773,Egarosindhur Provati,1.6759,0.01,FALSE,1.5456,0.46,Do
743,Upaban Express,1.8381,0.1,FALSE,1.6249,0.21,DoNot
763,Turna Express,2.5989,0.5,TRUE,1.2262,0.5,Do
795,Brahmaputra Express,1.675,0.02,FALSE,0.2492,0.5,Do
791,Jamuna Express,2.0953,0.34,TRUE,0.7155,0.47,Do
708,Egarosindhur Goduli,2.2813,NA,TRUE,0.0616,0.14,DoNot
757,Lalmoni Express,1.6811,0.01,FALSE,1.6106,0.41,Do
800,Silk City Express,2.1667,0.31,TRUE,1.1747,0.46,Do
757,Drutojan Express,2.0408,0.38,TRUE,0.4782,0.2,DoNot
739,Padma Express,2.2516,0.44,TRUE,0.9941,0.45,Do
737,Chitra Express,2.721,0.57,TRUE,1.6452,0.46,Do
724,Nilsagar,2.7128,0.58,TRUE,1.3191,0.45,Do
798,Dhumketue Express,NA,0.56,TRUE,0.0687,0.25,DoNot
788,Rangpur Express,1.6072,0.01,FALSE,0.9606,0.32,Do
763,Kalani Express,2.0872,0.34,TRUE,0.1084,0.25,DoNot
781,Sirajgonj Express,1.9372,0.14,FALSE,1.061,0.43,Do
781,Haor Express,2.654,0.57,TRUE,1.4872,0.44,Do
749,Kishorgonj Express,2.1093,0.37,TRUE,1.0902,0.46,Do
715,Sonar Bangla Express,2.2242,0.43,TRUE,0.0688,0.43,Do
713,Mohangonj Express,2.4944,0.57,TRUE,0.5278,0.43,Do
724,Banalata Express,1.699,0.01,FALSE,0.8374,0.44,Do
790,Panchagarh Express,2.5348,0.51,TRUE,0.5556,0.4,Do
765,Benapole Express,1.6037,0.01,FALSE,0.1072,0.47,Do
725,Kurigram Express,2.6751,0.58,TRUE,1.4827,0.04,DoNot
707,Moitree Express*,1.8702,0.03,FALSE,1.0104,0.21,DoNot
721,Subarna Express,1.8561,0.02,FALSE,0.9355,0.47,Do
766,Mahanagar Provati,2.2887,0.44,TRUE,0.8955,0.46,Do
792,Ekota Express,1.6098,0.02,FALSE,1.5846,0.45,Do
747,Tista Express,2.445,0.42,TRUE,0.962,0.41,Do
704,Parabat Express,2.6655,0.57,TRUE,1.2044,0.23,DoNot
734,Upokol Express,2.676,0.56,TRUE,1.2036,0.46,Do
742,Joyantika Express,2.4252,0.47,TRUE,0.5158,0.46,Do
790,Mohanagar Express,1.6889,0.01,FALSE,0.3089,0.39,Do
707,Sundarban Express,1.9868,0.18,FALSE,0.1817,0.11,DoNot
756,Agnibina Express,2.4535,0.57,TRUE,0.134,0.28,DoNot
756,Egarosindhur Provati,2.7285,0.55,TRUE,1.4498,0.47,Do
775,Upaban Express,2.4014,0.48,TRUE,0.9932,0.22,DoNot
755,Turna Express,2.0154,0.39,TRUE,0.5134,0.25,DoNot
788,Brahmaputra Express,1.8472,0.09,FALSE,0.0147,0.45,Do
781,Jamuna Express,2.7447,0.57,TRUE,0.3158,0.48,Do
735,Egarosindhur Goduli,2.1471,0.37,TRUE,0.0483,0.45,Do
756,Lalmoni Express,2.3163,NA,TRUE,1.1843,0.46,Do
721,Silk City Express,2.3484,0.47,TRUE,0.1563,0.13,DoNot
734,Drutojan Express,2.3975,0.42,TRUE,0.87,0.41,Do
771,Padma Express,2.1661,0.35,TRUE,0.2416,0.45,Do
763,Chitra Express,2.0337,0.39,TRUE,0.7672,0.44,Do
743,Nilsagar,2.4378,0.42,TRUE,0.8658,0.24,DoNot
713,Dhumketue Express,2.6109,0.51,TRUE,1.0027,0.44,Do
766,Rangpur Express,1.9421,0.17,FALSE,1.7058,0.17,DoNot
708,Kalani Express,1.7629,0.02,FALSE,0.6099,0.37,Do
725,Sirajgonj Express,2.5461,0.56,TRUE,1.069,0.42,Do
773,Haor Express,2.2557,0.43,TRUE,1.6965,0.36,Do
785,Kishorgonj Express,2.2817,0.44,TRUE,0.7324,0.48,Do
763,Sonar Bangla Express,2.6646,0.52,TRUE,1.7696,0.4,Do
711,Mohangonj Express,NA,0.57,TRUE,1.6629,0.46,Do
722,Banalata Express,2.5915,0.57,TRUE,1.0952,0.26,DoNot
725,Panchagarh Express,1.9191,0.19,FALSE,0.945,0.45,Do
747,Benapole Express,2.2116,0.41,TRUE,1.1258,0.45,Do
724,Kurigram Express,1.9773,0.15,FALSE,0.357,0.45,Do
791,Moitree Express*,2.1586,0.36,TRUE,1.1241,0.44,Do
788,Subarna Express,2.0852,0.35,TRUE,0.0676,0.46,Do
748,Mahanagar Provati,2.4009,0.48,TRUE,1.7273,0.47,Do
729,Ekota Express,2.2648,0.48,TRUE,1.6272,0.44,Do
725,Tista Express,1.9538,0.14,FALSE,1.3878,0.48,Do
708,Parabat Express,2.449,0.41,TRUE,1.1655,0.2,DoNot
737,Upokol Express,2.135,0.38,TRUE,1.7381,0.46,Do
737,Joyantika Express,2.2044,0.46,TRUE,0.7702,0.21,DoNot
715,Mohanagar Express,2.379,0.49,TRUE,1.5318,0.49,Do
724,Sundarban Express,1.7749,0.02,FALSE,0.1956,0.39,Do
762,Agnibina Express,2.2632,0.48,TRUE,0.3273,0.44,Do
747,Egarosindhur Provati,2.632,0.57,TRUE,0.6756,0.31,Do
732,Upaban Express,2.5558,0.52,TRUE,1.4933,0.29,DoNot
760,Turna Express,2.0308,0.3,TRUE,0.5861,0.34,Do
728,Brahmaputra Express,2.4678,0.53,TRUE,0.9013,0.23,DoNot
742,Jamuna Express,1.8204,0.09,FALSE,1.1473,0.36,Do
717,Egarosindhur Goduli,2.0266,0.38,TRUE,0.0698,0.29,DoNot
774,Lalmoni Express,2.6117,0.56,TRUE,0.1042,0.21,DoNot
777,Silk City Express,2.4685,0.57,TRUE,0.0239,0.44,Do
787,Drutojan Express,1.7098,0.02,FALSE,1.3092,0.47,Do
726,Padma Express,2.0463,0.39,TRUE,1.5984,0.47,Do
762,Chitra Express,2.2479,NA,TRUE,1.4822,0.49,Do
777,Nilsagar,2.3302,0.47,TRUE,1.5919,0.2,DoNot
796,Dhumketue Express,2.5466,0.59,TRUE,0.541,0.24,DoNot
791,Rangpur Express,2.3518,0.48,TRUE,0.8272,0.44,Do
788,Kalani Express,2.0453,0.37,TRUE,1.1242,0.44,Do
757,Sirajgonj Express,2.6876,0.54,TRUE,0.9902,0.47,Do
747,Haor Express,1.6296,0.01,FALSE,1.3978,0.23,DoNot
751,Kishorgonj Express,2.7039,0.52,TRUE,0.6762,0.19,DoNot
784,Sonar Bangla Express,2.1949,0.35,TRUE,0.9999,0.44,Do
722,Mohangonj Express,1.9759,0.16,FALSE,1.1777,0.41,Do
746,Banalata Express,1.7855,0.02,FALSE,1.507,0.32,Do
763,Panchagarh Express,2.7466,0.56,TRUE,1.0496,0.49,Do
796,Benapole Express,2.3173,0.48,TRUE,0.8327,0.34,Do
753,Kurigram Express,2.4178,0.43,TRUE,0.5504,0.28,DoNot
741,Moitree Express*,2.0359,0.34,TRUE,0.5979,0.44,Do
742,Subarna Express,1.8598,0.03,FALSE,0.2506,0.31,Do
712,Mahanagar Provati,1.9282,0.12,FALSE,0.7226,0.06,DoNot
759,Ekota Express,2.6558,0.51,TRUE,1.6305,0.39,Do
747,Tista Express,2.5533,0.6,TRUE,0.0731,0.38,Do
718,Parabat Express,NA,0.02,FALSE,0.0291,0.1,DoNot
714,Upokol Express,2.2767,0.46,TRUE,0.028,0.44,Do
713,Joyantika Express,2.6594,0.52,TRUE,0.34,0.46,Do
756,Mohanagar Express,2.2045,0.42,TRUE,0.5599,0.38,Do
762,Sundarban Express,2.4062,0.43,TRUE,0.672,0.29,DoNot
720,Agnibina Express,1.8865,0.02,FALSE,0.0053,0.48,Do
714,Egarosindhur Provati,2.043,0.38,TRUE,0.6288,0.37,Do
735,Upaban Express,1.6302,0.01,FALSE,0.9395,0.46,Do
723,Turna Express,1.6684,0.02,FALSE,1.7712,0.14,DoNot
716,Brahmaputra Express,1.6832,0.02,FALSE,0.7502,0.46,Do
736,Jamuna Express,2.2018,0.48,TRUE,1.4048,0.45,Do
777,Egarosindhur Goduli,2.0922,0.36,TRUE,0.7869,0.46,Do
794,Lalmoni Express,2.0778,0.34,TRUE,0.7843,0.29,DoNot
746,Silk City Express,2.2245,0.42,TRUE,0.0455,0.42,Do
717,Drutojan Express,2.4523,0.59,TRUE,1.7817,0.43,Do
726,Padma Express,1.7299,0.02,FALSE,0.7839,0.35,Do
751,Chitra Express,2.3325,0.43,TRUE,1.1181,0.49,Do
753,Nilsagar,2.3047,0.42,TRUE,0.793,0.3,DoNot
709,Dhumketue Express,2.0718,0.39,TRUE,1.6695,0.44,Do
712,Rangpur Express,2.4206,0.42,TRUE,1.485,0.46,Do
783,Kalani Express,2.5198,NA,TRUE,0.0166,0.3,DoNot
773,Sirajgonj Express,2.426,0.47,TRUE,1.5363,0.5,Do
775,Haor Express,2.4919,0.52,TRUE,0.2221,0.45,Do
775,Kishorgonj Express,2.0307,0.32,TRUE,1.701,0.26,DoNot
733,Sonar Bangla Express,1.6147,0.01,FALSE,0.7124,0.48,Do
740,Mohangonj Express,1.6163,0.01,FALSE,0.4242,0.39,Do
763,Banalata Express,1.8544,0.02,FALSE,0.1744,0.36,Do
758,Panchagarh Express,2.6185,0.52,TRUE,0.6052,0.45,Do
792,Benapole Express,1.6742,0.01,FALSE,1.1984,0.49,Do
751,Kurigram Express,1.7761,0.02,FALSE,0.1373,0.21,DoNot
746,Moitree Express*,2.1513,0.39,TRUE,1.0054,0.2,DoNot
784,Subarna Express,2.2827,0.42,TRUE,1.0416,0.44,Do
749,Mahanagar Provati,1.7359,0.02,FALSE,0.1733,0.33,Do
769,Ekota Express,2.4325,0.46,TRUE,1.0738,0.28,DoNot
737,Tista Express,2.0594,0.33,TRUE,0.5738,0.22,DoNot
789,Parabat Express,1.7516,0.02,FALSE,0.654,0.43,Do
723,Upokol Express,2.3873,0.41,TRUE,0.8852,0.45,Do
777,Joyantika Express,2.7165,0.55,TRUE,1.5534,0.42,Do
780,Mohanagar Express,2.1336,0.34,TRUE,1.0043,0.4,Do
791,Sundarban Express,2.6277,0.58,TRUE,1.2411,0.32,Do
701,Agnibina Express,1.6752,0.01,FALSE,1.2399,0.47,Do
799,Egarosindhur Provati,2.6521,0.52,TRUE,0.899,0.41,Do
794,Upaban Express,2.4287,0.5,TRUE,0.5758,0.44,Do
787,Turna Express,1.8923,0.07,FALSE,1.2344,0.42,Do
758,Brahmaputra Express,2.7146,0.59,TRUE,0.9414,0.16,DoNot
732,Jamuna Express,1.668,0.01,FALSE,0.3561,0.13,DoNot
746,Egarosindhur Goduli,2.0338,0.4,TRUE,0.1135,0.38,Do
783,Lalmoni Express,1.7609,0.02,FALSE,0.1633,0.15,DoNot
766,Silk City Express,NA,0.45,TRUE,0.2315,0.46,Do
781,Drutojan Express,1.9246,0.1,FALSE,0.4486,0.23,DoNot
779,Padma Express,2.2799,0.44,TRUE,1.3907,0.43,Do
742,Chitra Express,2.5346,0.53,TRUE,1.7159,0.46,Do
709,Nilsagar,2.0363,0.35,TRUE,1.0183,0.43,Do
763,Dhumketue Express,2.3665,0.41,TRUE,0.7896,0.27,DoNot
744,Rangpur Express,2.2116,0.41,TRUE,1.2777,0.42,Do
700,Kalani Express,1.7614,0.02,FALSE,1.497,0.45,Do
727,Sirajgonj Express,2.3978,0.43,TRUE,1.2162,0.46,Do
733,Haor Express,2.4579,0.52,TRUE,0.9422,0.3,DoNot
756,Kishorgonj Express,2.1224,0.32,TRUE,0.4328,0.49,Do
732,Sonar Bangla Express,2.6779,NA,TRUE,0.6057,0.31,Do
729,Mohangonj Express,1.684,0.01,FALSE,1.3581,0.21,DoNot
784,Banalata Express,2.6893,0.54,TRUE,0.3889,0.48,Do
785,Panchagarh Express,2.4396,0.49,TRUE,0.8281,0.44,Do
748,Benapole Express,1.829,0.05,FALSE,0.2854,0.44,Do
708,Kurigram Express,2.2872,0.42,TRUE,0.7634,0.12,DoNot
788,Moitree Express*,2.296,0.4,TRUE,0.5371,0.46,Do
702,Subarna Express,1.7194,0.01,FALSE,0.9652,0.41,Do
709,Mahanagar Provati,2.749,0.55,TRUE,1.7437,0.47,Do
752,Ekota Express,2.7339,0.59,TRUE,1.6655,0.42,Do
770,Tista Express,2.5701,0.5,TRUE,0.9835,0.24,DoNot
785,Parabat Express,2.7034,0.51,TRUE,0.7526,0.26,DoNot
750,Upokol Express,2.2835,0.42,TRUE,1.0439,0.31,Do
800,Joyantika Express,1.6659,0.02,FALSE,0.5992,0.25,DoNot
704,Mohanagar Express,2.4407,0.46,TRUE,0.0591,0.33,Do
770,Sundarban Express,1.9473,0.19,FALSE,0.7166,0.3,DoNot
712,Agnibina Express,2.0809,0.38,TRUE,0.776,0.46,Do
717,Egarosindhur Provati,2.0256,0.36,TRUE,1.7524,0.45,Do
752,Upaban Express,1.6268,0.01,FALSE,1.2659,0.44,Do
789,Turna Express,1.923,0.16,FALSE,0.0043,0.47,Do
707,Brahmaputra Express,1.6866,0.01,FALSE,1.2092,0.34,Do
789,Jamuna Express,2.4471,0.41,TRUE,0.8108,0.44,Do
749,Egarosindhur Goduli,2.6932,0.53,TRUE,0.2555,0.44,Do
722,Lalmoni Express,2.4658,0.58,TRUE,1.3504,0.02,DoNot
714,Silk City Express,1.9956,0.13,FALSE,0.9533,0.29,DoNot
766,Drutojan Express,2.1557,0.32,TRUE,0.6652,0.06,DoNot
797,Padma Express,2.4817,0.57,TRUE,0.6514,0.14,DoNot
728,Chitra Express,2.2791,0.41,TRUE,0.5446,0.35,Do
786,Nilsagar,2.3012,0.45,TRUE,0.5413,0.41,Do
727,Dhumketue Express,2.0064,0.38,TRUE,0.6797,0.47,Do
707,Rangpur Express,2.2281,0.5,TRUE,1.4527,0.05,DoNot
775,Kalani Express,NA,0.5,TRUE,0.3507,0.36,Do
724,Sirajgonj Express,2.1385,0.3,TRUE,1.0522,0.13,DoNot
731,Haor Express,2.4857,0.58,TRUE,0.2415,0.05,DoNot
739,Kishorgonj Express,2.2065,0.4,TRUE,1.3664,0.24,DoNot
772,Sonar Bangla Express,2.3128,0.41,TRUE,0.3311,0.37,Do
716,Mohangonj Express,1.9984,0.17,FALSE,0.876,0.2,DoNot
754,Banalata Express,2.3991,0.42,TRUE,0.9647,0.44,Do
795,Panchagarh Express,2.6911,0.56,TRUE,1.0743,0.22,DoNot
775,Benapole Express,1.6429,NA,FALSE,0.5304,0.43,Do
710,Kurigram Express,1.6755,0.02,FALSE,0.8756,0.46,Do
701,Moitree Express*,2.6551,0.53,TRUE,0.4194,0.28,DoNot
728,Subarna Express,2.2558,0.49,TRUE,0.7344,0.46,Do
723,Mahanagar Provati,1.9212,0.15,FALSE,0.3766,0.41,Do
772,Ekota Express,2.5458,0.52,TRUE,1.5624,0.4,Do
711,Tista Express,1.8595,0.05,FALSE,1.0765,0.46,Do
719,Parabat Express,2.1831,0.38,TRUE,1.223,0.46,Do
752,Upokol Express,1.9633,0.12,FALSE,0.8444,0.43,Do
749,Joyantika Express,1.9639,0.12,FALSE,0.2813,0.25,DoNot
771,Mohanagar Express,1.8389,0.09,FALSE,0.3009,0.45,Do
800,Sundarban Express,1.8171,0.09,FALSE,0.7743,0.42,Do
754,Agnibina Express,2.076,0.38,TRUE,0.5527,0.08,DoNot
704,Egarosindhur Provati,2.0171,0.39,TRUE,1.5628,0.45,Do
783,Upaban Express,2.3683,0.43,TRUE,0.5845,0.5,Do
791,Turna Express,1.6742,0.02,FALSE,0.216,0.32,Do
752,Brahmaputra Express,1.8131,0.07,FALSE,1.7761,0.2,DoNot
751,Jamuna Express,2.3397,0.47,TRUE,1.0948,0.28,DoNot
768,Egarosindhur Goduli,2.6459,0.56,TRUE,0.1528,0.25,DoNot
764,Lalmoni Express,2.1378,0.31,TRUE,0.3168,0.5,Do
716,Silk City Express,2.5578,0.53,TRUE,0.6428,0.45,Do
792,Drutojan Express,2.0921,0.34,TRUE,1.3352,0.45,Do
746,Padma Express,1.6216,0.02,FALSE,1.2184,0.44,Do
765,Chitra Express,2.3976,0.41,TRUE,1.2864,0.2,DoNot
705,Nilsagar,2.1609,0.34,TRUE,0.4632,0.46,Do
792,Dhumketue Express,2.5291,0.55,TRUE,1.2446,0.27,DoNot
747,Rangpur Express,2.1977,0.33,TRUE,0.2662,0.46,Do
785,Kalani Express,1.905,0.11,FALSE,1.0509,0.44,Do
787,Sirajgonj Express,2.6949,0.51,TRUE,1.4772,0.17,DoNot
767,Haor Express,2.1939,0.4,TRUE,0.6682,0.45,Do
713,Kishorgonj Express,2.2647,0.4,TRUE,1.0376,0.35,Do
761,Sonar Bangla Express,2.0432,0.35,TRUE,0.0906,0.47,Do
720,Mohangonj Express,1.7422,0.01,FALSE,0.7535,0.44,Do
784,Banalata Express,1.9192,0.11,FALSE,0.4698,0.41,Do
712,Panchagarh Express,2.4862,0.57,TRUE,1.4365,0.32,Do
703,Benapole Express,2.5099,0.55,TRUE,1.6356,0.37,Do
772,Kurigram Express,2.1636,0.36,TRUE,0.8034,0.06,DoNot
755,Moitree Express*,NA,0.02,FALSE,0.8695,0.21,DoNot
787,Subarna Express,2.1765,0.32,TRUE,0.1962,0.06,DoNot
711,Mahanagar Provati,2.2402,0.48,TRUE,0.9801,0.3,DoNot
794,Ekota Express,2.2083,0.47,TRUE,0.6707,0.38,Do
792,Tista Express,2.2078,NA,TRUE,1.4096,0.45,Do
790,Parabat Express,1.6352,0.02,FALSE,0.4831,0.46,Do
797,Upokol Express,2.0697,0.35,TRUE,0.3233,0.37,Do
733,Joyantika Express,2.3347,0.45,TRUE,1.4458,0.35,Do
790,Mohanagar Express,2.6034,0.58,TRUE,0.0103,0.28,DoNot
777,Sundarban Express,2.5907,0.51,TRUE,1.0898,0.42,Do
760,Agnibina Express,1.8492,0.04,FALSE,1.1152,0.19,DoNot
751,Egarosindhur Provati,1.9692,0.12,FALSE,0.1507,0.42,Do
771,Upaban Express,2.6633,0.59,TRUE,0.4587,0.47,Do
741,Turna Express,2.3682,0.49,TRUE,1.693,0.41,Do
738,Brahmaputra Express,1.916,0.11,FALSE,0.1471,0.47,Do
752,Jamuna Express,1.7782,0.01,FALSE,0.3682,0.44,Do
774,Egarosindhur Goduli,2.5546,0.51,TRUE,0.0394,0.47,Do
727,Lalmoni Express,2.1062,0.36,TRUE,1.6852,0.13,DoNot
744,Silk City Express,2.6369,0.57,TRUE,1.1565,0.38,Do
783,Drutojan Express,2.6154,0.5,TRUE,0.5659,0.34,Do
747,Padma Express,2.6568,0.57,TRUE,0.4921,0.35,Do
773,Chitra Express,1.6527,0.02,FALSE,0.3883,0.26,DoNot
704,Nilsagar,2.0127,0.39,TRUE,1.0934,0.46,Do
700,Dhumketue Express,2.3165,0.48,TRUE,1.6082,0.47,Do
776,Rangpur Express,2.1577,0.34,TRUE,0.1324,0.1,DoNot
716,Kalani Express,2.5553,0.54,TRUE,0.1923,0.45,Do
709,Sirajgonj Express,2.2578,0.49,TRUE,0.5946,0.38,Do
775,Haor Express,1.8271,0.04,FALSE,1.622,0.42,Do
775,Kishorgonj Express,2.6875,0.51,TRUE,0.9388,0.45,Do
742,Sonar Bangla Express,2.6192,0.59,TRUE,0.7398,0.42,Do
751,Mohangonj Express,2.7147,0.58,TRUE,0.2139,0.47,Do
735,Banalata Express,1.7444,0.01,FALSE,1.1981,0.48,Do
759,Panchagarh Express,2.5942,0.55,TRUE,0.0553,0.4,Do
700,Benapole Express,2.2636,0.48,TRUE,1.1431,0.45,Do
704,Kurigram Express,2.1942,0.35,TRUE,1.0383,0.47,Do
733,Moitree Express*,2.6204,0.55,TRUE,0.9493,0.43,Do
744,Subarna Express,2.1628,0.38,TRUE,1.0891,0.34,Do
757,Mahanagar Provati,1.7448,0.02,FALSE,0.0579,0.45,Do
763,Ekota Express,2.2338,0.4,TRUE,0.4188,0.42,Do
781,Tista Express,2.1469,0.36,TRUE,0.35,0.45,Do
705,Parabat Express,2.6953,0.58,TRUE,1.0101,0.5,Do
775,Upokol Express,2.0725,0.36,TRUE,0.0256,0.43,Do
793,Joyantika Express,1.7235,0.01,FALSE,1.2452,0.45,Do
743,Mohanagar Express,2.1832,NA,TRUE,1.0313,0.44,Do
717,Sundarban Express,2.6876,0.55,TRUE,1.0689,0.45,Do
726,Agnibina Express,NA,0.4,TRUE,1.6478,0.12,DoNot
757,Egarosindhur Provati,1.898,0.03,FALSE,1.7316,0.16,DoNot
768,Upaban Express,2.0103,0.39,TRUE,0.9662,0.3,DoNot
779,Turna Express,1.7039,0.01,FALSE,0.5873,0.43,Do
796,Brahmaputra Express,2.1961,0.31,TRUE,1.3341,0.29,DoNot
789,Jamuna Express,2.3595,0.42,TRUE,1.1535,0.12,DoNot
743,Egarosindhur Goduli,2.7428,0.5,TRUE,1.6281,0.41,Do
754,Lalmoni Express,2.7199,0.56,TRUE,1.407,0.28,DoNot
726,Silk City Express,2.0349,0.32,TRUE,0.2001,0.41,Do
702,Drutojan Express,2.6393,0.57,TRUE,0.9688,0.46,Do
752,Padma Express,1.7458,0.02,FALSE,0.7235,0.45,Do
700,Chitra Express,2.6935,0.55,TRUE,0.5103,0.43,Do
764,Nilsagar,2.3737,0.42,TRUE,1.2378,0.45,Do
700,Dhumketue Express,2.3818,0.46,TRUE,0.4299,0.08,DoNot
782,Rangpur Express,2.6484,0.56,TRUE,0.126,0.42,Do
798,Kalani Express,2.4235,0.47,TRUE,0.6372,0.42,Do
747,Sirajgonj Express,2.1085,0.32,TRUE,1.0673,0.42,Do
771,Haor Express,2.6031,0.5,TRUE,1.5735,0.37,Do
776,Kishorgonj Express,2.0506,0.31,TRUE,0.237,0.41,Do
754,Sonar Bangla Express,2.3594,0.48,TRUE,1.1104,0.22,DoNot
757,Mohangonj Express,2.0487,0.36,TRUE,0.6208,0.47,Do
717,Banalata Express,2.3442,0.42,TRUE,1.6017,0.26,DoNot
718,Panchagarh Express,1.7371,0.02,FALSE,0.6545,0.29,DoNot
775,Benapole Express,1.9235,0.18,FALSE,0.2412,0.3,DoNot
734,Kurigram Express,2.4713,0.57,TRUE,1.7167,0.35,Do
714,Moitree Express*,2.2264,0.41,TRUE,0.8879,0.13,DoNot
788,Subarna Express,2.59,0.5,TRUE,1.3074,0.1,DoNot
702,Mahanagar Provati,1.7888,0.01,FALSE,1.0324,0.48,Do
740,Ekota Express,2.3976,0.46,TRUE,0.8039,0.44,Do
721,Tista Express,2.0154,0.39,TRUE,1.7355,0.46,Do
727,Parabat Express,2.6337,0.58,TRUE,0.5505,0.39,Do
759,Upokol Express,1.9956,0.19,FALSE,0.4498,0.26,DoNot
798,Joyantika Express,2.2724,0.45,TRUE,1.7112,0.45,Do
702,Mohanagar Express,2.4733,0.53,TRUE,1.1984,0.44,Do
735,Sundarban Express,1.9496,0.12,FALSE,0.4302,0.46,Do
792,Agnibina Express,2.5694,0.55,TRUE,0.0378,0.46,Do
706,Egarosindhur Provati,2.6682,0.59,TRUE,0.2164,0.44,Do
791,Upaban Express,2.2871,0.49,TRUE,1.5524,0.3,DoNot
744,Turna Express,2.3236,0.44,TRUE,1.6525,0.33,Do
770,Brahmaputra Express,NA,0.41,TRUE,0.4139,0.47,Do
722,Jamuna Express,2.4838,0.55,TRUE,0.6377,0.31,Do
732,Egarosindhur Goduli,1.9611,0.17,FALSE,1.3206,0.19,DoNot
753,Lalmoni Express,1.6491,0.02,FALSE,0.7198,0.22,DoNot
794,Silk City Express,2.5122,NA,TRUE,0.3822,0.17,DoNot
718,Drutojan Express,2.1935,0.34,TRUE,0.588,0.4,Do
780,Padma Express,1.6307,0.02,FALSE,1.7708,0.46,Do
751,Chitra Express,2.7148,0.52,TRUE,0.8023,0.46,Do
726,Nilsagar,2.2244,0.47,TRUE,1.4716,0.15,DoNot
750,Dhumketue Express,2.6349,0.59,TRUE,1.146,0.17,DoNot
723,Rangpur Express,1.6716,0.02,FALSE,1.5473,0.43,Do
748,Kalani Express,2.3531,0.48,TRUE,1.1358,0.25,DoNot
743,Sirajgonj Express,1.7801,0.02,FALSE,0.9605,0.5,Do
729,Haor Express,1.7831,0.01,FALSE,1.6555,0.4,Do
736,Kishorgonj Express,1.8837,0.08,FALSE,0.3616,0.43,Do
730,Sonar Bangla Express,1.9367,0.11,FALSE,1.4243,0.45,Do
771,Mohangonj Express,2.2374,0.42,TRUE,0.0241,0.38,Do
736,Banalata Express,2.605,0.51,TRUE,0.593,0.27,DoNot
702,Panchagarh Express,2.4573,0.59,TRUE,1.7207,0.35,Do
745,Benapole Express,2.2085,0.41,TRUE,0.0626,0.33,Do
778,Kurigram Express,1.7046,0.02,FALSE,0.9621,0.37,Do
756,Moitree Express*,2.151,0.36,TRUE,0.9428,0.34,Do
756,Subarna Express,2.3063,0.41,TRUE,1.0145,0.47,Do
770,Mahanagar Provati,2.6944,0.59,TRUE,0.8726,0.46,Do
756,Ekota Express,1.9242,0.11,FALSE,0.2172,0.48,Do
726,Tista Express,1.9598,0.13,FALSE,0.1308,0.37,Do
797,Parabat Express,1.7701,0.01,FALSE,0.0505,0.27,DoNot
728,Upokol Express,2.091,0.34,TRUE,0.8446,0.25,DoNot
710,Joyantika Express,1.9705,0.14,FALSE,0.3754,0.41,Do
749,Mohanagar Express,2.6154,0.58,TRUE,0.2152,0.45,Do
775,Sundarban Express,1.6968,0.02,FALSE,1.0268,0.41,Do
772,Agnibina Express,2.1254,0.4,TRUE,1.028,0.45,Do
745,Egarosindhur Provati,2.5224,0.54,TRUE,1.1235,0.24,DoNot
748,Upaban Express,2.0619,0.36,TRUE,1.18,0.22,DoNot
721,Turna Express,2.2579,0.43,TRUE,0.7766,0.48,Do
776,Brahmaputra Express,2.4716,0.52,TRUE,1.7,0.43,Do
700,Jamuna Express,2.137,0.36,TRUE,0.6081,0.46,Do
763,Egarosindhur Goduli,2.682,0.52,TRUE,1.6826,0.33,Do
730,Lalmoni Express,1.992,0.19,FALSE,0.6919,0.46,Do
736,Silk City Express,2.1364,0.31,TRUE,0.1318,0.47,Do
797,Drutojan Express,2.7207,0.59,TRUE,1.162,0.47,Do
762,Padma Express,2.1931,0.38,TRUE,1.755,0.46,Do
760,Chitra Express,1.8968,0.03,FALSE,1.1447,0.4,Do
761,Nilsagar,2.6454,0.52,TRUE,1.6237,0.48,Do
772,Dhumketue Express,1.7596,NA,FALSE,0.1692,0.42,Do
708,Rangpur Express,1.9965,0.13,FALSE,0.1456,0.5,Do
702,Kalani Express,2.3668,0.46,TRUE,1.4014,0.21,DoNot
781,Sirajgonj Express,2.7081,0.57,TRUE,0.6764,0.3,DoNot
750,Haor Express,1.9027,0.18,FALSE,0.1695,0.32,Do
719,Kishorgonj Express,2.495,0.51,TRUE,0.5214,0.2,DoNot
769,Sonar Bangla Express,2.7175,0.54,TRUE,0.8682,0.47,Do
723,Mohangonj Express,2.5958,0.5,TRUE,0.5256,0.37,Do
760,Banalata Express,2.1497,0.37,TRUE,0.2516,0.11,DoNot
701,Panchagarh Express,2.5496,0.57,TRUE,1.4213,0.42,Do
729,Benapole Express,1.7022,0.02,FALSE,1.0025,0.19,DoNot
723,Kurigram Express,1.6885,0.02,FALSE,1.5563,0.44,Do
723,Moitree Express*,2.4073,0.41,TRUE,0.2745,0.44,Do
784,Subarna Express,2.4434,0.46,TRUE,1.7019,0.41,Do
757,Mahanagar Provati,2.7078,0.52,TRUE,1.6222,0.2,DoNot
790,Ekota Express,1.6169,0.01,FALSE,0.9014,0.41,Do
769,Tista Express,1.6382,0.01,FALSE,0.5857,0.15,DoNot
707,Parabat Express,1.6683,0.01,FALSE,1.0249,0.1,DoNot
725,Upokol Express,2.6184,0.58,TRUE,0.857,0.32,Do
787,Joyantika Express,2.3654,0.46,TRUE,1.2994,0.26,DoNot
797,Mohanagar Express,2.2406,0.49,TRUE,0.0721,0.46,Do
739,Sundarban Express,2.5643,0.58,TRUE,0.0355,0.18,DoNot
721,Agnibina Express,2.4036,0.49,TRUE,0.0821,0.2,DoNot
753,Egarosindhur Provati,2.5475,0.55,TRUE,0.834,0.34,Do
732,Upaban Express,1.8074,0.02,FALSE,0.8385,0.45,Do
778,Turna Express,2.1786,0.31,TRUE,0.2547,0.24,DoNot
770,Brahmaputra Express,2.0907,0.37,TRUE,0.8627,0.48,Do
761,Jamuna Express,1.9168,0.18,FALSE,1.4918,0.43,Do
700,Egarosindhur Goduli,1.6087,0.01,FALSE,1.6897,0.34,Do
769,Lalmoni Express,2.5255,0.53,TRUE,1.2405,0.33,Do
748,Silk City Express,2.2809,0.46,TRUE,1.0432,0.3,DoNot
704,Drutojan Express,2.3539,0.49,TRUE,0.3768,0.41,Do
722,Padma Express,2.4014,0.47,TRUE,0.3786,0.49,Do
785,Chitra Express,1.6659,0.01,FALSE,1.2149,0.45,Do
777,Nilsagar,2.6499,0.5,TRUE,1.059,0.43,Do
793,Dhumketue Express,2.242,0.47,TRUE,0.4937,0.45,Do
732,Rangpur Express,2.2398,0.46,TRUE,0.2511,0.44,Do
730,Kalani Express,2.3079,0.42,TRUE,1.7836,0.47,Do
784,Sirajgonj Express,1.7114,0.01,FALSE,0.4741,0.4,Do
708,Haor Express,1.902,0.17,FALSE,1.3018,0.38,Do
736,Kishorgonj Express,2.4908,0.54,TRUE,0.5321,0.27,DoNot
780,Sonar Bangla Express,2.2305,0.43,TRUE,0.9739,0.21,DoNot
710,Mohangonj Express,2.5712,0.5,TRUE,0.4427,0.45,Do
752,Banalata Express,2.721,0.54,TRUE,0.5542,0.49,Do
707,Panchagarh Express,2.3565,0.44,TRUE,0.3066,0.45,Do
750,Benapole Express,2.193,0.36,TRUE,1.2203,0.42,Do
795,Kurigram Express,1.8012,0.02,FALSE,1.0375,0.35,Do
729,Moitree Express*,2.1431,0.37,TRUE,0.677,0.46,Do
753,Subarna Express,1.7001,0.02,FALSE,1.7668,0.35,Do
773,Mahanagar Provati,2.2859,0.47,TRUE,0.079,0.49,Do
730,Ekota Express,2.1876,0.34,TRUE,1.5491,0.43,Do
730,Tista Express,1.9316,0.19,FALSE,0.882,0.33,Do
717,Parabat Express,2.1819,0.32,TRUE,0.8822,0.11,DoNot
750,Upokol Express,1.7884,0.01,FALSE,0.6985,0.48,Do
769,Joyantika Express,2.1008,0.33,TRUE,0.1412,0.4,Do
765,Mohanagar Express,1.8106,0.03,FALSE,1.6747,0.31,Do
703,Sundarban Express,2.4819,0.56,TRUE,0.8886,0.26,DoNot
777,Agnibina Express,2.4997,0.56,TRUE,0.4591,0.01,DoNot
760,Egarosindhur Provati,1.8941,0.1,FALSE,0.1418,0.36,Do
715,Upaban Express,1.6457,0.01,FALSE,1.3989,0.49,Do
738,Turna Express,2.6798,0.52,TRUE,0.5032,0.39,Do
769,Brahmaputra Express,2.642,0.58,TRUE,1.1311,0.46,Do
786,Jamuna Express,1.8519,0.05,FALSE,1.1112,0.24,DoNot
756,Egarosindhur Goduli,2.3837,0.47,TRUE,1.0671,0.47,Do
752,Lalmoni Express,2.0182,0.4,TRUE,0.6583,0.47,Do
703,Silk City Express,2.1554,0.36,TRUE,0.2248,0.45,Do
712,Drutojan Express,2.367,0.42,TRUE,0.5403,0.43,Do
742,Padma Express,2.3223,0.4,TRUE,1.0921,0.47,Do
736,Chitra Express,1.7888,0.02,FALSE,0.0041,0.45,Do
775,Nilsagar,1.8286,0.06,FALSE,0.6846,0.41,Do
744,Dhumketue Express,2.4905,0.51,TRUE,1.7711,0.25,DoNot
720,Rangpur Express,1.753,0.02,FALSE,0.6993,0.15,DoNot
736,Kalani Express,2.5849,0.56,TRUE,1.2675,0.23,DoNot
749,Sirajgonj Express,1.7141,0.02,FALSE,0.3182,0.36,Do
756,Haor Express,2.35,0.44,TRUE,0.0276,0.43,Do
728,Kishorgonj Express,2.0718,0.39,TRUE,1.7055,0.44,Do
725,Sonar Bangla Express,2.2094,0.44,TRUE,0.0228,0.38,Do
736,Mohangonj Express,1.9583,0.14,FALSE,0.8509,0.22,DoNot
766,Banalata Express,1.9294,0.18,FALSE,0.6811,0.08,DoNot
707,Panchagarh Express,2.3714,0.4,TRUE,0.0059,0.4,Do
716,Benapole Express,2.6627,0.58,TRUE,0.0329,0.47,Do
717,Kurigram Express,2.4164,0.44,TRUE,0.0729,0.44,Do
736,Moitree Express*,2.669,0.56,TRUE,1.6137,0.46,Do
791,Subarna Express,2.4543,0.57,TRUE,0.399,0.2,DoNot
771,Mahanagar Provati,1.651,0.01,FALSE,0.7413,0.35,Do
713,Ekota Express,2.5072,0.56,TRUE,0.4752,0.36,Do
788,Tista Express,1.8248,0.04,FALSE,0.6405,0.45,Do
736,Parabat Express,2.1366,0.38,TRUE,0.0379,0.42,Do
721,Upokol Express,2.1466,0.38,TRUE,0.887,0.42,Do
732,Joyantika Express,2.1331,0.35,TRUE,0.6397,0.17,DoNot
789,Mohanagar Express,1.9306,0.16,FALSE,1.1921,0.29,DoNot
750,Sundarban Express,1.6094,0.02,FALSE,0.3042,0.3,DoNot
773,Agnibina Express,2.2883,0.5,TRUE,1.4395,0.45,Do
765,Egarosindhur Provati,1.9907,0.12,FALSE,0.5771,0.19,DoNot
789,Upaban Express,2.3853,0.48,TRUE,0.6302,0.29,DoNot
705,Turna Express,1.6835,0.02,FALSE,0.9708,0.47,Do
734,Brahmaputra Express,2.5751,0.57,TRUE,1.3121,0.33,Do
748,Jamuna Express,2.5168,0.59,TRUE,1.7978,0.08,DoNot
782,Egarosindhur Goduli,2.1601,0.38,TRUE,1.2404,0.14,DoNot
795,Lalmoni Express,2.6204,0.52,TRUE,0.7618,0.46,Do
726,Silk City Express,1.8335,0.1,FALSE,0.9232,0.35,Do
748,Drutojan Express,2.2614,0.47,TRUE,1.0941,0.47,Do
797,Padma Express,1.6198,0.01,FALSE,1.4051,0.34,Do
742,Chitra Express,2.0015,0.35,TRUE,1.5517,0.5,Do
768,Nilsagar,1.9426,0.14,FALSE,1.1651,0.46,Do
774,Dhumketue Express,1.6485,0.02,FALSE,0.431,0.35,Do
790,Rangpur Express,1.8881,0.06,FALSE,1.188,0.45,Do
738,Kalani Express,2.403,0.42,TRUE,0.1039,0.24,DoNot
777,Sirajgonj Express,2.6314,0.6,TRUE,1.3425,0.41,Do
702,Haor Express,1.9388,0.16,FALSE,1.2736,0.38,Do
766,Kishorgonj Express,2.712,0.54,TRUE,1.6424,0.29,DoNot
759,Sonar Bangla Express,1.7963,0.02,FALSE,0.0405,0.47,Do
797,Mohangonj Express,2.4518,0.57,TRUE,1.4352,0.27,DoNot
711,Banalata Express,1.7839,0.01,FALSE,1.1235,0.32,Do
746,Panchagarh Express,1.7268,0.02,FALSE,0.3303,0.21,DoNot
759,Benapole Express,1.7165,0.02,FALSE,0.7321,0.4,Do
749,Kurigram Express,2.3586,0.4,TRUE,1.1531,0.48,Do
750,Moitree Express*,1.8968,0.08,FALSE,1.2065,0.25,DoNot
743,Subarna Express,2.0072,0.36,TRUE,1.3186,0.24,DoNot
702,Mahanagar Provati,2.1079,0.36,TRUE,1.2654,0.1,DoNot
731,Ekota Express,2.1439,0.38,TRUE,0.6123,0.27,DoNot
795,Tista Express,2.3853,0.44,TRUE,0.5959,0.37,Do
793,Parabat Express,2.6057,0.52,TRUE,0.3547,0.09,DoNot
762,Upokol Express,1.9725,0.19,FALSE,0.9938,0.48,Do
745,Joyantika Express,1.9373,0.17,FALSE,0.8441,0.29,DoNot
786,Mohanagar Express,1.6006,0.02,FALSE,1.0796,0.46,Do
768,Sundarban Express,1.8015,0.09,FALSE,0.6448,0.37,Do
764,Agnibina Express,1.7063,0.01,FALSE,0.4598,0.27,DoNot
725,Egarosindhur Provati,2.3806,0.48,TRUE,0.0771,0.46,Do
757,Upaban Express,2.703,0.54,TRUE,1.6103,0.1,DoNot
786,Turna Express,2.273,0.48,TRUE,0.3963,0.43,Do
702,Brahmaputra Express,1.8183,0.08,FALSE,0.1023,0.2,DoNot
703,Jamuna Express,2.3628,0.48,TRUE,1.5581,0.2,DoNot
716,Egarosindhur Goduli,2.7248,0.54,TRUE,1.763,0.36,Do
740,Lalmoni Express,2.0387,0.35,TRUE,0.9378,0.4,Do
714,Silk City Express,2.4286,0.42,TRUE,1.6683,0.23,DoNot
748,Drutojan Express,2.2499,0.48,TRUE,0.1575,0.47,Do
791,Padma Express,1.8088,0.06,FALSE,0.9794,0.1,DoNot
789,Chitra Express,2.675,0.59,TRUE,0.0292,0.22,DoNot
711,Nilsagar,2.6104,0.5,TRUE,0.9311,0.44,Do
770,Dhumketue Express,1.8932,0.06,FALSE,0.6456,0.43,Do
784,Rangpur Express,2.2683,0.5,TRUE,1.4866,0.22,DoNot
782,Kalani Express,2.6675,0.54,TRUE,0.6592,0.24,DoNot
790,Sirajgonj Express,2.3289,0.46,TRUE,1.7198,0.45,Do
798,Haor Express,2.0014,0.3,TRUE,1.5272,0.42,Do
712,Kishorgonj Express,2.1753,0.4,TRUE,0.183,0.49,Do
790,Sonar Bangla Express,1.7438,0.02,FALSE,1.4546,0.33,Do
753,Mohangonj Express,1.7647,0.01,FALSE,0.6447,0.47,Do
717,Banalata Express,2.5935,0.6,TRUE,1.1276,0.24,DoNot
739,Panchagarh Express,2.505,0.55,TRUE,0.4726,0.4,Do
772,Benapole Express,2.3092,0.5,TRUE,0.7643,0.12,DoNot
770,Kurigram Express,2.488,0.52,TRUE,0.9222,0.46,Do
782,Moitree Express*,2.7184,0.6,TRUE,1.4141,0.46,Do
783,Subarna Express,2.4033,0.47,TRUE,0.6203,0.36,Do
735,Mahanagar Provati,2.1091,0.37,TRUE,1.0645,0.09,DoNot
725,Ekota Express,1.8806,0.08,FALSE,0.3512,0.4,Do
739,Tista Express,2.1265,0.37,TRUE,0.6491,0.44,Do
717,Parabat Express,2.1282,0.3,TRUE,0.4611,0.34,Do
751,Upokol Express,1.9017,0.18,FALSE,0.8914,0.4,Do
711,Joyantika Express,2.0749,0.37,TRUE,1.0313,0.4,Do
721,Mohanagar Express,2.3195,0.4,TRUE,1.607,0.45,Do
758,Sundarban Express,2.6133,0.55,TRUE,0.5558,0.43,Do
798,Agnibina Express,2.2694,0.44,TRUE,0.3478,0.45,Do
788,Egarosindhur Provati,2.523,0.52,TRUE,1.4184,0.42,Do
713,Upaban Express,1.6807,0.01,FALSE,1.7493,0.16,DoNot
796,Turna Express,1.776,0.01,FALSE,0.8076,0.45,Do
713,Brahmaputra Express,2.3037,0.43,TRUE,1.5738,0.43,Do
710,Jamuna Express,2.2321,0.46,TRUE,0.151,0.33,Do
717,Egarosindhur Goduli,1.7816,0.02,FALSE,0.9521,0.23,DoNot
791,Lalmoni Express,2.5268,0.56,TRUE,0.0628,0.35,Do
746,Silk City Express,2.6106,0.58,TRUE,0.1278,0.19,DoNot
753,Drutojan Express,2.0976,0.4,TRUE,1.2406,0.32,Do
728,Padma Express,2.0829,0.3,TRUE,0.9253,0.46,Do
791,Chitra Express,2.4818,0.55,TRUE,0.9272,0.32,Do
756,Nilsagar,1.8742,0.03,FALSE,0.5621,0.44,Do
707,Dhumketue Express,1.8197,0.04,FALSE,0.5699,0.36,Do
707,Rangpur Express,2.5709,0.52,TRUE,0.8968,0.28,DoNot
743,Kalani Express,2.2792,0.44,TRUE,0.8678,0.19,DoNot
756,Sirajgonj Express,2.116,0.31,TRUE,1.166,0.49,Do
731,Haor Express,2.1503,0.31,TRUE,1.6487,0.45,Do
760,Kishorgonj Express,2.1766,0.34,TRUE,0.5745,0.24,DoNot
792,Sonar Bangla Express,1.6824,0.02,FALSE,0.206,0.31,Do
793,Mohangonj Express,2.2821,0.42,TRUE,1.6843,0.32,Do
769,Banalata Express,2.6479,0.58,TRUE,1.275,0.07,DoNot
792,Panchagarh Express,2.1711,0.39,TRUE,1.5693,0.22,DoNot
733,Benapole Express,1.8416,0.05,FALSE,0.8658,0.27,DoNot
710,Kurigram Express,2.119,0.4,TRUE,0.6248,0.46,Do
737,Moitree Express*,2.6677,0.55,TRUE,1.7243,0.3,DoNot
721,Subarna Express,2.3967,0.45,TRUE,0.77,0.49,Do
771,Mahanagar Provati,1.9344,0.11,FALSE,0.3563,0.43,Do
705,Ekota Express,2.0695,0.31,TRUE,1.6816,0.42,Do
787,Tista Express,2.5377,0.54,TRUE,0.6173,0.23,DoNot
714,Parabat Express,1.9011,0.13,FALSE,0.19,0.45,Do
716,Upokol Express,2.0735,0.33,TRUE,0.2496,0.45,Do
786,Joyantika Express,2.6945,0.51,TRUE,0.1397,0.4,Do
774,Mohanagar Express,2.1369,0.4,TRUE,0.5571,0.46,Do
744,Sundarban Express,2.1912,0.38,TRUE,0.9073,0.34,Do
790,Agnibina Express,2.3212,0.41,TRUE,0.402,0.4,Do
800,Egarosindhur Provati,1.6082,0.01,FALSE,0.4964,0.47,Do
770,Upaban Express,2.1214,0.35,TRUE,0.1962,0.32,Do
726,Turna Express,2.2032,0.42,TRUE,0.4278,0.22,DoNot
789,Brahmaputra Express,2.2878,0.47,TRUE,1.5436,0.21,DoNot
777,Jamuna Express,1.9441,0.18,FALSE,0.7689,0.48,Do
780,Egarosindhur Goduli,2.2188,0.4,TRUE,0.3619,0.17,DoNot
797,Lalmoni Express,2.5672,0.57,TRUE,1.2837,0.47,Do
706,Silk City Express,2.428,0.48,TRUE,0.801,0.08,DoNot
782,Drutojan Express,1.8033,0.07,FALSE,1.2593,0.29,DoNot
756,Padma Express,2.5416,0.54,TRUE,0.8254,0.5,Do
707,Chitra Express,2.073,0.39,TRUE,1.3647,0.16,DoNot
719,Nilsagar,2.6006,0.58,TRUE,1.036,0.48,Do
794,Dhumketue Express,1.9442,0.12,FALSE,0.4546,0.23,DoNot
708,Rangpur Express,2.2105,0.42,TRUE,1.2951,0.27,DoNot
798,Kalani Express,2.308,0.49,TRUE,1.2028,0.49,Do
756,Sirajgonj Express,1.9038,0.19,FALSE,1.5987,0.4,Do
743,Haor Express,2.3194,0.48,TRUE,0.4318,0.27,DoNot
741,Kishorgonj Express,1.696,0.01,FALSE,1.05,0.22,DoNot
795,Sonar Bangla Express,2.0857,0.32,TRUE,0.3779,0.47,Do
750,Mohangonj Express,2.1888,0.32,TRUE,1.4089,0.2,DoNot
791,Banalata Express,2.4605,0.56,TRUE,1.4448,0.47,Do
774,Panchagarh Express,1.7424,0.01,FALSE,1.418,0.22,DoNot
789,Benapole Express,2.21,0.42,TRUE,1.3014,0.27,DoNot
774,Kurigram Express,2.0699,0.37,TRUE,1.6867,0.49,Do
759,Moitree Express*,2.7222,0.6,TRUE,1.172,0.1,DoNot
705,Subarna Express,2.4214,0.46,TRUE,1.3679,0.28,DoNot
775,Mahanagar Provati,2.3452,0.44,TRUE,0.3253,0.46,Do
759,Ekota Express,2.2188,0.43,TRUE,1.4061,0.36,Do
742,Tista Express,1.9767,0.15,FALSE,1.7784,0.39,Do
762,Parabat Express,1.8906,0.07,FALSE,0.6889,0.29,DoNot
779,Upokol Express,2.5146,0.51,TRUE,0.8274,0.49,Do
734,Joyantika Express,2.6175,0.5,TRUE,0.7581,0.46,Do
795,Mohanagar Express,2.4533,0.59,TRUE,0.7456,0.05,DoNot
716,Sundarban Express,2.5425,0.6,TRUE,0.7955,0.13,DoNot
741,Agnibina Express,2.0224,0.36,TRUE,0.734,0.44,Do
721,Egarosindhur Provati,2.5357,0.54,TRUE,1.0313,0.1,DoNot
725,Upaban Express,1.9059,0.11,FALSE,1.7568,0.27,DoNot
727,Turna Express,2.3755,0.41,TRUE,1.5307,0.27,DoNot
739,Brahmaputra Express,2.7099,0.51,TRUE,0.5435,0.46,Do
731,Jamuna Express,2.0231,0.38,TRUE,1.3845,0.27,DoNot
772,Egarosindhur Goduli,1.6417,0.01,FALSE,0.4226,0.25,DoNot
716,Lalmoni Express,2.3873,0.43,TRUE,0.2118,0.42,Do
712,Silk City Express,2.1881,0.34,TRUE,0.1962,0.45,Do
777,Drutojan Express,2.0457,0.33,TRUE,0.0396,0.26,DoNot
767,Padma Express,2.0115,0.32,TRUE,0.1002,0.47,Do
792,Chitra Express,2.1248,0.38,TRUE,0.4397,0.27,DoNot
710,Nilsagar,1.6695,0.01,FALSE,0.3593,0.37,Do
756,Dhumketue Express,2.3737,0.46,TRUE,1.6305,0.42,Do
715,Rangpur Express,1.6657,0.01,FALSE,0.6217,0.39,Do
776,Kalani Express,2.4051,0.41,TRUE,1.695,0.47,Do
703,Sirajgonj Express,2.2597,0.45,TRUE,0.6784,0.21,DoNot
798,Haor Express,1.6718,0.01,FALSE,1.5455,0.27,DoNot
770,Kishorgonj Express,2.6024,0.55,TRUE,0.6889,0.26,DoNot
753,Sonar Bangla Express,2.7271,0.55,TRUE,1.6491,0.24,DoNot
741,Mohangonj Express,1.6817,0.02,FALSE,1.7021,0.47,Do
724,Banalata Express,2.305,0.46,TRUE,0.2277,0.45,Do
785,Panchagarh Express,2.4153,0.45,TRUE,0.2494,0.45,Do
755,Benapole Express,2.0949,0.3,TRUE,1.6621,0.35,Do
755,Kurigram Express,1.6224,0.02,FALSE,0.4181,0.41,Do
768,Moitree Express*,2.0407,0.37,TRUE,0.6852,0.45,Do
777,Kishorgonj Express,2.026,0.34,TRUE,1.1299,0.24,DoNot
710,Sonar Bangla Express,2.0169,0.32,TRUE,1.0612,0.45,Do
762,Mohangonj Express,1.6579,0.02,FALSE,1.0429,0.46,Do
718,Banalata Express,1.6653,0.01,FALSE,1.6613,0.3,DoNot
710,Panchagarh Express,2.0481,0.34,TRUE,0.4846,0.5,Do
796,Benapole Express,2.2581,0.49,TRUE,0.9605,0.45,Do
752,Kurigram Express,1.606,0.02,FALSE,1.1618,0.47,Do
739,Moitree Express*,2.2143,0.41,TRUE,0.1728,0.48,Do
739,Subarna Express,1.8539,0.03,FALSE,1.6923,0.5,Do
773,Mahanagar Provati,1.6961,0.02,FALSE,0.951,0.47,Do
750,Ekota Express,2.6133,0.57,TRUE,0.2316,0.41,Do
797,Tista Express,2.7123,0.58,TRUE,0.4953,0.42,Do
800,Parabat Express,2.3104,0.41,TRUE,0.3725,0.27,DoNot
730,Upokol Express,2.0117,0.35,TRUE,0.9512,0.26,DoNot
760,Joyantika Express,2.2216,0.47,TRUE,1.6374,0.26,DoNot
743,Mohanagar Express,2.0392,0.32,TRUE,1.47,0.42,Do
788,Sundarban Express,2.589,0.59,TRUE,0.9525,0.32,Do
782,Agnibina Express,2.4714,0.5,TRUE,1.0334,0.44,Do
794,Egarosindhur Provati,2.6404,0.58,TRUE,1.3667,0.3,DoNot
711,Upaban Express,2.3539,0.5,TRUE,0.48,0.44,Do
704,Turna Express,2.3616,0.42,TRUE,0.9808,0.34,Do
716,Brahmaputra Express,1.7879,0.02,FALSE,0.6878,0.43,Do
800,Jamuna Express,2.1566,0.3,TRUE,1.1533,0.08,DoNot
786,Egarosindhur Goduli,2.2889,0.41,TRUE,1.134,0.46,Do
734,Lalmoni Express,2.4633,0.56,TRUE,0.3282,0.3,DoNot
742,Silk City Express,1.7801,0.02,FALSE,0.0617,0.15,DoNot
772,Drutojan Express,1.8858,0.04,FALSE,0.0166,0.36,Do
706,Padma Express,1.8737,0.03,FALSE,1.3306,0.46,Do
704,Chitra Express,1.7433,0.01,FALSE,0.841,0.47,Do
752,Nilsagar,2.5866,0.53,TRUE,1.6932,0.46,Do
733,Dhumketue Express,1.9821,0.14,FALSE,0.8051,0.45,Do
754,Rangpur Express,2.613,0.53,TRUE,0.7563,0.43,Do
707,Kalani Express,2.0904,0.3,TRUE,0.4482,0.48,Do
715,Sirajgonj Express,2.0116,0.4,TRUE,0.815,0.46,Do
799,Haor Express,1.742,0.02,FALSE,1.238,0.46,Do
740,Kishorgonj Express,1.9223,0.11,FALSE,0.4418,0.5,Do
728,Sonar Bangla Express,2.4365,0.46,TRUE,0.081,0.43,Do
716,Mohangonj Express,2.1544,0.35,TRUE,1.0063,0.43,Do
776,Banalata Express,2.0697,0.31,TRUE,0.3526,0.46,Do
797,Panchagarh Express,1.8147,0.05,FALSE,1.7301,0.31,Do
736,Benapole Express,2.6688,0.53,TRUE,0.7819,0.36,Do
733,Kurigram Express,1.8748,0.04,FALSE,0.3736,0.07,DoNot
758,Moitree Express*,2.3358,0.44,TRUE,1.6967,0.47,Do
752,Subarna Express,2.476,0.53,TRUE,0.7982,0.09,DoNot
734,Mahanagar Provati,2.2046,0.43,TRUE,0.48,0.43,Do
756,Ekota Express,1.848,0.07,FALSE,1.579,0.45,Do
733,Tista Express,1.6826,0.02,FALSE,0.6557,0.23,DoNot
721,Parabat Express,2.2072,0.49,TRUE,1.4877,0.26,DoNot
714,Upokol Express,2.4771,0.53,TRUE,0.6633,0.45,Do
779,Joyantika Express,1.8168,0.03,FALSE,0.3332,0.06,DoNot
744,Mohanagar Express,1.8074,0.09,FALSE,0.4742,0.45,Do
779,Sundarban Express,2.5939,0.54,TRUE,0.7125,0.39,Do
783,Agnibina Express,2.2045,0.48,TRUE,0.5441,0.31,Do
749,Egarosindhur Provati,2.0688,0.31,TRUE,0.729,0.41,Do
740,Upaban Express,2.376,0.5,TRUE,1.7681,0.4,Do
792,Turna Express,2.6546,0.59,TRUE,1.0889,0.43,Do
751,Brahmaputra Express,1.7306,0.02,FALSE,1.3699,0.43,Do
761,Jamuna Express,1.8202,0.03,FALSE,0.6804,0.33,Do
792,Egarosindhur Goduli,2.7099,0.58,TRUE,1.5804,0.46,Do
797,Lalmoni Express,1.9873,0.18,FALSE,1.6178,0.23,DoNot
733,Silk City Express,2.0952,0.37,TRUE,0.3109,0.39,Do
797,Drutojan Express,2.1598,0.36,TRUE,0.832,0.39,Do
728,Padma Express,1.9692,0.11,FALSE,0.8079,0.45,Do
795,Chitra Express,2.5416,0.55,TRUE,0.4061,0.43,Do
774,Nilsagar,1.9758,0.13,FALSE,0.5984,0.44,Do
705,Dhumketue Express,1.8459,0.07,FALSE,1.3676,0.43,Do
763,Rangpur Express,2.04,0.39,TRUE,1.7421,0.32,Do
792,Kalani Express,2.6424,0.5,TRUE,1.2511,0.25,DoNot
757,Sirajgonj Express,2.1008,0.33,TRUE,0.7835,0.31,Do
768,Haor Express,1.8923,0.05,FALSE,0.8964,0.45,Do
717,Kishorgonj Express,2.5611,0.53,TRUE,1.3268,0.24,DoNot
712,Sonar Bangla Express,2.6182,0.59,TRUE,0.0105,0.37,Do
770,Mohangonj Express,1.6494,0.02,FALSE,0.425,0.32,Do
759,Banalata Express,1.7426,0.01,FALSE,0.2223,0.34,Do
742,Panchagarh Express,2.668,0.55,TRUE,1.4151,0.46,Do
773,Benapole Express,2.2432,0.41,TRUE,0.796,0.24,DoNot
713,Kurigram Express,2.3483,0.44,TRUE,1.2755,0.23,DoNot
792,Moitree Express*,1.9119,0.19,FALSE,1.7446,0.43,Do
785,Subarna Express,1.9995,0.18,FALSE,0.0875,0.46,Do
788,Mahanagar Provati,2.6243,0.52,TRUE,1.2259,0.05,DoNot
706,Ekota Express,2.6277,0.5,TRUE,0.087,0.49,Do
777,Tista Express,2.5091,0.56,TRUE,0.7291,0.47,Do
722,Parabat Express,2.0223,0.38,TRUE,0.6645,0.46,Do
744,Upokol Express,2.3206,0.44,TRUE,0.4342,0.04,DoNot
706,Joyantika Express,2.1903,0.36,TRUE,0.4993,0.04,DoNot
728,Mohanagar Express,2.329,0.4,TRUE,0.6114,0.47,Do
770,Sundarban Express,1.6969,0.02,FALSE,1.3041,0.28,DoNot
796,Agnibina Express,2.1004,0.33,TRUE,0.3477,0.22,DoNot
732,Egarosindhur Provati,2.4601,0.58,NULL,0.3477,0.22,DoNot
738,Upaban Express,2.558,NA,TRUE,1.3015,0.43,Do
759,Turna Express,2.7359,0.6,TRUE,1.3095,0.2,DoNot
789,Brahmaputra Express,2.1297,0.32,TRUE,0.8184,0.43,Do
762,Jamuna Express,1.8599,0.05,FALSE,0.1242,0.23,DoNot
732,Egarosindhur Goduli,2.6477,0.59,TRUE,0.2901,0.32,Do
738,Lalmoni Express,2.5934,0.59,TRUE,1.0207,0.24,DoNot
754,Silk City Express,1.8404,0.06,FALSE,0.2182,0.46,Do
780,Drutojan Express,1.6364,0.01,FALSE,1.1488,0.33,Do
759,Padma Express,2.5097,0.53,TRUE,0.8008,0.27,DoNot
780,Chitra Express,2.2077,0.48,TRUE,0.3069,0.44,Do
729,Nilsagar,2.341,0.45,TRUE,0.0442,0.46,Do
729,Dhumketue Express,2.6013,0.5,TRUE,0.0343,0.25,DoNot
754,Rangpur Express,2.6619,0.52,TRUE,0.1457,0.38,Do
738,Kalani Express,2.2878,0.48,TRUE,0.4692,0.47,Do
800,Sirajgonj Express,2.5837,0.58,TRUE,1.2142,0.48,Do
775,Haor Express,1.751,0.02,FALSE,0.787,0.38,Do
745,Kishorgonj Express,2.663,0.55,TRUE,1.2671,0.28,DoNot
727,Sonar Bangla Express,2.2382,0.45,TRUE,0.7193,0.22,DoNot
761,Mohangonj Express,2.7449,0.57,TRUE,0.0501,0.25,DoNot
705,Banalata Express,1.9763,0.14,FALSE,1.6802,0.21,DoNot
783,Panchagarh Express,1.7035,0.02,FALSE,0.3446,0.5,Do
701,Benapole Express,2.2227,0.48,TRUE,0.617,0.45,Do
746,Kurigram Express,NA,0.02,FALSE,1.1621,0.4,Do
783,Moitree Express*,2.254,0.43,TRUE,0.1118,0.32,Do
704,Subarna Express,2.3864,0.47,TRUE,0.0851,0.47,Do
745,Mahanagar Provati,1.6355,0.01,FALSE,0.5387,0.46,Do
790,Ekota Express,1.8396,0.06,FALSE,0.7979,0.46,Do
717,Tista Express,1.6587,0.01,FALSE,1.6382,0.43,Do
714,Parabat Express,1.7665,0.01,FALSE,1.2213,0.42,Do
719,Upokol Express,1.8299,0.09,FALSE,1.1162,0.32,Do
724,Joyantika Express,1.6023,0.02,FALSE,1.0639,0.48,Do
788,Mohanagar Express,1.7413,0.01,FALSE,1.6371,0.23,DoNot
794,Sundarban Express,1.91,0.17,FALSE,1.1678,0.5,Do
728,Agnibina Express,1.7491,0.02,FALSE,0.2739,0.36,Do
769,Egarosindhur Provati,1.9239,0.19,FALSE,1.1914,0.1,DoNot
786,Upaban Express,2.2118,0.41,TRUE,1.5206,0.44,Do
711,Turna Express,2.4956,0.5,TRUE,0.5101,0.21,DoNot
776,Brahmaputra Express,1.9529,0.19,FALSE,0.8553,0.5,Do
746,Jamuna Express,1.9906,0.11,FALSE,1.1942,0.2,DoNot
729,Egarosindhur Goduli,2.4327,0.43,TRUE,0.9539,0.21,DoNot
737,Lalmoni Express,2.4482,0.49,TRUE,1.1924,0.23,DoNot
728,Silk City Express,2.3807,0.44,TRUE,0.8908,0.44,Do
710,Drutojan Express,2.7391,0.55,TRUE,1.2106,0.23,DoNot
753,Padma Express,1.9196,0.18,FALSE,1.4586,0.26,DoNot
733,Chitra Express,1.808,0.07,FALSE,0.5186,0.38,Do
778,Nilsagar,1.8567,0.03,FALSE,1.0357,0.45,Do
782,Dhumketue Express,2.4557,0.5,TRUE,1.1004,0.21,DoNot
747,Rangpur Express,2.2844,0.49,TRUE,1.4188,0.4,Do
792,Kalani Express,1.6715,0.02,FALSE,0.2347,0.21,DoNot
769,Sirajgonj Express,1.6913,0.01,FALSE,0.0497,0.42,Do
784,Haor Express,1.614,0.02,FALSE,0.1297,0.46,Do
703,Kishorgonj Express,1.8375,0.04,FALSE,1.7737,0.46,Do
736,Sonar Bangla Express,2.1011,0.37,TRUE,0.7561,0.49,Do
789,Mohangonj Express,2.038,0.4,TRUE,1.7423,0.49,Do
781,Banalata Express,2.3595,0.5,TRUE,1.6196,0.12,DoNot
740,Panchagarh Express,2.1483,0.37,TRUE,1.5646,0.42,Do
713,Benapole Express,1.6969,0.01,FALSE,1.4074,0.38,Do
753,Kurigram Express,2.6935,0.5,TRUE,0.2829,0.32,Do
768,Moitree Express*,2.6166,0.52,TRUE,1.4576,0.38,Do
767,Subarna Express,1.951,0.19,FALSE,1.4294,0.46,Do
777,Mahanagar Provati,2.6289,0.54,TRUE,0.6406,0.46,Do
754,Ekota Express,2.6662,0.55,TRUE,0.5863,0.5,Do
723,Tista Express,2.0334,0.31,TRUE,0.613,0.31,Do
771,Parabat Express,2.0961,0.38,TRUE,1.5712,0.4,Do
794,Upokol Express,1.8271,0.05,FALSE,1.4351,0.47,Do
712,Joyantika Express,2.5114,0.5,TRUE,1.757,0.32,Do
720,Mohanagar Express,2.4286,0.42,TRUE,0.9135,0.47,Do
758,Sundarban Express,1.6777,0.02,FALSE,1.3199,0.47,Do
713,Agnibina Express,2.072,0.33,TRUE,1.1277,0.38,Do
762,Egarosindhur Provati,1.7824,0.02,FALSE,1.5866,0.48,Do
791,Upaban Express,1.9904,0.14,FALSE,1.4344,0.15,DoNot
706,Turna Express,2.355,0.49,TRUE,0.4898,0.47,Do
746,Brahmaputra Express,2.4412,0.49,TRUE,1.0479,0.23,DoNot
754,Jamuna Express,2.6638,0.57,TRUE,1.7206,0.43,Do
789,Egarosindhur Goduli,1.8201,0.06,FALSE,1.3375,0.42,Do
745,Lalmoni Express,2.2861,0.4,TRUE,0.9762,0.47,Do
715,Silk City Express,1.7204,0.02,FALSE,1.3529,0.39,Do
765,Drutojan Express,2.7126,0.52,TRUE,1.0418,0.08,DoNot
703,Padma Express,1.7865,0.02,FALSE,0.565,0.15,DoNot
710,Chitra Express,2.1978,0.31,TRUE,0.5356,0.48,Do
769,Nilsagar,2.2919,0.45,TRUE,0.5712,0.43,Do
784,Dhumketue Express,2.3738,0.48,TRUE,1.5898,0.49,Do
769,Rangpur Express,2.5365,0.57,TRUE,0.1887,0.47,Do
753,Kalani Express,1.8428,0.03,FALSE,1.4027,0.35,Do
757,Sirajgonj Express,1.7654,0.02,FALSE,1.7548,0.19,DoNot
782,Haor Express,2.366,0.47,TRUE,0.116,0.44,Do
777,Kishorgonj Express,2.0571,0.3,TRUE,0.6198,0.47,Do
735,Sonar Bangla Express,1.7762,0.02,FALSE,0.036,0.44,Do
738,Mohangonj Express,1.7294,0.02,FALSE,1.5892,0.45,Do
759,Banalata Express,2.304,0.43,TRUE,0.792,0.48,Do
782,Panchagarh Express,2.4589,0.54,TRUE,1.2125,0.25,DoNot
785,Benapole Express,2.1595,0.35,TRUE,1.4866,0.4,Do
787,Kurigram Express,2.3688,0.49,TRUE,0.3808,0.46,Do
721,Moitree Express*,1.844,0.05,FALSE,1.5435,0.46,Do
797,Subarna Express,2.0143,0.38,TRUE,0.5037,0.43,Do
777,Mahanagar Provati,1.8848,0.07,FALSE,0.7092,0.45,Do
743,Ekota Express,2.1564,0.33,TRUE,0.8882,0.14,DoNot
731,Tista Express,1.9199,0.11,FALSE,0.104,0.43,Do
789,Parabat Express,2.5658,0.51,TRUE,0.9216,0.28,DoNot
712,Upokol Express,2.2279,0.42,TRUE,0.0774,0.33,Do
724,Joyantika Express,2.3789,0.46,TRUE,1.7519,0.42,Do
759,Mohanagar Express,1.8087,0.02,FALSE,1.6026,0.27,DoNot
731,Sundarban Express,2.6293,0.5,TRUE,1.3454,0.47,Do
769,Agnibina Express,2.4688,0.58,TRUE,0.2067,0.21,DoNot
706,Egarosindhur Provati,2.4214,0.47,TRUE,0.4208,0.46,Do
746,Upaban Express,2.4777,0.5,TRUE,0.8443,0.22,DoNot
748,Turna Express,2.4755,0.53,TRUE,0.8202,0.45,Do
703,Brahmaputra Express,2.2156,0.49,TRUE,1.5986,0.45,Do
764,Jamuna Express,1.7477,0.02,FALSE,0.4075,0.37,Do
759,Egarosindhur Goduli,2.3978,0.45,TRUE,0.6297,0.44,Do
723,Lalmoni Express,2.3579,0.47,TRUE,0.0095,0.48,Do
789,Silk City Express,2.7252,0.55,TRUE,0.4455,0.36,Do
751,Drutojan Express,2.5047,0.57,TRUE,1.0021,0.44,Do
769,Padma Express,1.6644,0.02,FALSE,0.5302,0.28,DoNot
715,Chitra Express,2.1332,0.32,TRUE,0.5325,0.24,DoNot
712,Nilsagar,2.5441,0.52,TRUE,1.1145,0.45,Do
714,Dhumketue Express,2.1374,0.35,TRUE,1.5941,0.3,DoNot
752,Rangpur Express,2.2606,0.49,TRUE,1.663,0.26,DoNot
721,Kalani Express,2.5195,0.51,TRUE,0.092,0.19,DoNot
796,Sirajgonj Express,2.6818,0.51,TRUE,0.2238,0.35,Do
792,Haor Express,1.9358,0.17,FALSE,0.1106,0.35,Do
757,Kishorgonj Express,1.9961,0.18,FALSE,0.9772,0.46,Do
729,Sonar Bangla Express,1.6707,0.02,FALSE,1.1248,0.06,DoNot
737,Mohangonj Express,2.6361,0.58,TRUE,1.5931,0.41,Do
737,Banalata Express,1.6108,0.01,FALSE,1.0663,0.42,Do
774,Panchagarh Express,2.4358,0.4,TRUE,0.6749,0.49,Do
702,Benapole Express,2.0245,0.34,TRUE,1.7644,0.35,Do
764,Kurigram Express,1.7099,0.01,FALSE,0.6207,0.41,Do
783,Moitree Express*,2.3455,0.42,TRUE,0.0427,0.21,DoNot
800,Subarna Express,1.6551,0.01,FALSE,1.46,0.44,Do
705,Mahanagar Provati,1.8105,0.04,FALSE,0.7753,0.34,Do
793,Ekota Express,2.4568,0.51,TRUE,1.5234,0.27,DoNot
767,Tista Express,2.6649,0.55,TRUE,1.3846,0.02,DoNot
706,Parabat Express,2.6049,0.59,TRUE,0.2774,0.5,Do
706,Upokol Express,2.5004,0.55,TRUE,0.1799,0.44,Do
741,Joyantika Express,1.9003,0.15,FALSE,0.5466,0.47,Do
701,Mohanagar Express,2.5275,0.54,TRUE,1.0783,0.37,Do
718,Sundarban Express,1.9372,0.18,FALSE,0.8554,0.44,Do
742,Agnibina Express,2.6116,0.56,TRUE,0.8195,0.43,Do
718,Egarosindhur Provati,2.7425,0.51,TRUE,0.6715,0.44,Do
725,Upaban Express,2.5807,0.59,TRUE,1.73,0.44,Do
780,Turna Express,1.851,0.07,FALSE,0.8706,0.21,DoNot
774,Brahmaputra Express,2.218,0.46,TRUE,1.7249,0.5,Do
711,Jamuna Express,2.6524,0.52,TRUE,0.3143,0.43,Do
742,Egarosindhur Goduli,2.3985,0.45,TRUE,0.3164,0.33,Do
712,Lalmoni Express,1.8142,0.06,FALSE,1.6472,0.32,Do
798,Silk City Express,2.213,0.45,TRUE,0.721,0.48,Do
716,Drutojan Express,2.0192,0.4,TRUE,1.6127,0.35,Do
764,Padma Express,2.3317,0.42,TRUE,1.6209,0.43,Do
740,Chitra Express,2.6513,0.58,TRUE,0.4514,0.46,Do
709,Nilsagar,2.1469,0.38,TRUE,1.547,0.45,Do
780,Dhumketue Express,2.7431,0.54,TRUE,0.8113,0.47,Do
716,Rangpur Express,2.0667,0.38,TRUE,0.5483,0.42,Do
773,Kalani Express,2.5354,0.53,TRUE,0.1741,0.43,Do
775,Sirajgonj Express,2.6114,0.57,TRUE,0.3092,0.34,Do
723,Haor Express,2.5718,0.53,TRUE,0.7293,0.39,Do
707,Kishorgonj Express,2.5148,0.59,TRUE,1.1778,0.29,DoNot
757,Sonar Bangla Express,1.6921,0.01,FALSE,1.0659,0.49,Do
741,Mohangonj Express,2.3069,0.42,TRUE,0.8842,0.37,Do
783,Banalata Express,2.5808,0.51,TRUE,1.73,0.23,DoNot
721,Panchagarh Express,1.7743,0.01,FALSE,0.0776,0.34,Do
729,Benapole Express,1.9005,0.15,FALSE,0.7443,0.38,Do
700,Kurigram Express,2.0713,0.37,TRUE,0.4119,0.49,Do
727,Moitree Express*,1.7796,0.02,FALSE,1.251,0.27,DoNot
762,Subarna Express,2.0106,0.36,TRUE,0.3463,0.47,Do
737,Mahanagar Provati,2.2463,0.43,TRUE,0.2675,0.41,Do
742,Ekota Express,1.7724,0.02,FALSE,0.3298,0.29,DoNot
791,Tista Express,2.4607,0.58,TRUE,0.5731,0.49,Do
781,Parabat Express,2.5327,0.57,TRUE,0.057,0.44,Do
737,Upokol Express,2.2249,0.46,TRUE,0.6218,0.44,Do
716,Joyantika Express,1.9899,0.15,FALSE,0.4146,0.22,DoNot
748,Mohanagar Express,1.888,0.07,FALSE,0.6865,0.44,Do
743,Sundarban Express,2.5172,0.53,TRUE,1.6838,0.48,Do
705,Agnibina Express,1.6084,0.01,FALSE,1.5129,0.44,Do
730,Egarosindhur Provati,1.7711,0.02,FALSE,0.8196,0.46,Do
735,Upaban Express,1.8949,0.03,FALSE,1.67,0.42,Do
774,Turna Express,2.2327,0.45,TRUE,0.7394,0.46,Do
713,Brahmaputra Express,2.5643,0.57,TRUE,0.9415,0.48,Do
755,Jamuna Express,2.168,0.37,TRUE,0.8998,0.34,Do
725,Egarosindhur Goduli,1.9316,0.17,FALSE,1.3814,0.4,Do
791,Subarna Express,2.3492,0.48,TRUE,0.8794,0.31,Do
729,Mahanagar Provati,2.3601,0.42,TRUE,0.5993,0.45,Do
742,Ekota Express,1.8679,0.06,FALSE,0.3267,0.48,Do
739,Tista Express,2.1965,0.36,TRUE,0.3164,0.2,DoNot
720,Parabat Express,1.6911,0.01,FALSE,0.6383,0.26,DoNot
793,Upokol Express,1.8184,0.08,FALSE,0.4339,0.41,Do
710,Joyantika Express,2.5213,0.56,TRUE,0.5965,0.46,Do
714,Mohanagar Express,2.1099,0.36,TRUE,1.1469,0.44,Do
730,Sundarban Express,2.2486,0.48,TRUE,0.4913,0.46,Do
742,Agnibina Express,1.7442,0.01,FALSE,0.1219,0.35,Do
800,Egarosindhur Provati,1.6447,0.02,FALSE,0.2181,0.24,DoNot
773,Upaban Express,1.9579,0.11,FALSE,1.2241,0.44,Do
763,Turna Express,2.6394,0.56,TRUE,1.4921,0.32,Do
721,Brahmaputra Express,2.2475,0.49,TRUE,0.5352,0.45,Do
723,Jamuna Express,2.4312,0.44,TRUE,1.0039,0.46,Do
742,Egarosindhur Goduli,1.7007,0.01,FALSE,0.5998,0.41,Do
757,Lalmoni Express,1.8145,0.03,FALSE,1.2151,0.2,DoNot
737,Silk City Express,1.9,0.11,FALSE,0.9399,0.32,Do
748,Drutojan Express,1.6812,0.02,FALSE,0.9681,0.42,Do
725,Padma Express,1.6613,0.01,FALSE,1.14,0.26,DoNot
716,Chitra Express,2.2557,0.43,TRUE,1.3386,0.45,Do
768,Nilsagar,2.556,0.53,TRUE,0.0146,0.31,Do
711,Dhumketue Express,1.7427,0.02,FALSE,1.3335,0.45,Do
770,Rangpur Express,2.3365,0.43,TRUE,1.2825,0.45,Do
789,Kalani Express,2.2806,0.45,TRUE,0.6063,0.27,DoNot
753,Sirajgonj Express,1.8936,0.07,FALSE,0.0216,0.14,DoNot
768,Haor Express,2.6981,0.6,TRUE,0.1526,0.44,Do
743,Kishorgonj Express,1.9035,0.13,FALSE,1.3142,0.37,Do
700,Sonar Bangla Express,1.7199,0.01,FALSE,0.7598,0.47,Do
742,Egarosindhur Goduli,1.817,0.03,FALSE,1.6117,0.24,DoNot
757,Lalmoni Express,1.9444,0.17,FALSE,0.5891,0.25,DoNot
